"Color","Date","Id","Images","Model","Profile","Registration Number","Vin"
"BLACK","2022-07-01 12:48:49","0gnjyGrDPfXFDhvuUk3Dq8ub0JM2-R","https://firebasestorage.googleapis.com/v0/b/flip-delivery.appspot.com/o/images%2F2022-07-01%2012%3A48%3A42.974?alt=media&token=196713cd-524e-4f55-aff2-3e4f11681c5d","BAJAJ","profiles/0gnjyGrDPfXFDhvuUk3Dq8ub0JM2-R","M-22-AS 668","N/A"
"BLACK","2022-09-06 11:09:25","2OUdT0hJxCcEYFuBioys69UvnHg1-R","https://firebasestorage.googleapis.com/v0/b/flip-delivery.appspot.com/o/images%2F2022-09-06%2011%3A09%3A12.851?alt=media&token=9f0402b0-0085-4579-8613-c5df2c0d2f0f,https://firebasestorage.googleapis.com/v0/b/flip-delivery.appspot.com/o/images%2F2022-09-06%2011%3A09%3A22.034?alt=media&token=cfb2f326-de03-4674-b999-250601030817","BAJAJ BOXER","profiles/2OUdT0hJxCcEYFuBioys69UvnHg1-R","M-22-AW 1468","N/A"
"BLACK","2022-08-25 10:50:10","2TqdNHbEiOeXMgA1hFupqGrVUC93-R","https://firebasestorage.googleapis.com/v0/b/flip-delivery.appspot.com/o/images%2F2022-08-25%2010%3A49%3A59.227?alt=media&token=d9b635a4-c29c-470e-8cc2-74cb95b33b7e","APSONIC","profiles/2TqdNHbEiOeXMgA1hFupqGrVUC93-R","M-21-AC 1620","N/A"
"BLACK","2023-01-11 15:21:13","2oCYkCFN7qftY2LT2KMaIr65KMd2-R","https://firebasestorage.googleapis.com/v0/b/flip-delivery.appspot.com/o/images%2F2023-01-11%2015%3A21%3A08.689?alt=media&token=4599be59-d288-4278-be67-8c295f2e4c0a","ROYAL ","profiles/2oCYkCFN7qftY2LT2KMaIr65KMd2-R","M-21 GW 8329","N/A"
"BLUE","2022-08-08 11:39:39","38jCcBFeNOM7ALPxS3WZzaDh8wW2-R","https://firebasestorage.googleapis.com/v0/b/flip-delivery.appspot.com/o/images%2F2022-08-08%2011%3A39%3A33.770?alt=media&token=37216b66-64e3-4fc2-8b12-306a5bf49a20","ROYAL","profiles/38jCcBFeNOM7ALPxS3WZzaDh8wW2-R","M-20-GE 8654","N/A"
"BLACK","2022-08-24 16:45:48","47m1VZb295N0RaslBj3pD1Wi0v83-R","https://firebasestorage.googleapis.com/v0/b/flip-delivery.appspot.com/o/images%2F2022-08-24%2016%3A45%3A40.698?alt=media&token=04065a65-065c-41e1-8129-62556b95e6e2","ROYAL","profiles/47m1VZb295N0RaslBj3pD1Wi0v83-R","M-22- GR-4674","N/A"
"BLACK","2022-12-06 08:53:34","5NYo9tt3sCdPYdqmUVxvqfUomXO2-R","https://firebasestorage.googleapis.com/v0/b/flip-delivery.appspot.com/o/images%2F2022-12-06%2008%3A53%3A23.550?alt=media&token=a9a62698-c8dc-4d01-99b9-5780ef78b6ba","BAJAJ BOXER","profiles/5NYo9tt3sCdPYdqmUVxvqfUomXO2-R","M-22-AW 771","N/A"
"BLACK","2022-08-05 08:57:32","6AO46rO7dpYq7v2O5gJtJZ4QXi83-R","https://firebasestorage.googleapis.com/v0/b/flip-delivery.appspot.com/o/images%2F2022-08-05%2008%3A57%3A23.720?alt=media&token=b1bdfa6d-5ebb-4997-8fd2-c67237ff0a8d","BAJAJ","profiles/6AO46rO7dpYq7v2O5gJtJZ4QXi83-R","M-22-AS 6670","N/A"
"BLUE","2022-06-22 09:07:21","6g1hRGa1g7eiuZJ4XUY2mMifwXI2-R","https://firebasestorage.googleapis.com/v0/b/flip-delivery.appspot.com/o/images%2F2022-06-22%2009%3A07%3A13.757?alt=media&token=6b61e444-877f-4af6-b84e-28c9d260708d","TOP SAFARI","profiles/6g1hRGa1g7eiuZJ4XUY2mMifwXI2-R","M-22-AS 8240","N/A"
"BLUE","2022-08-17 16:58:50","7K9hfpUiPzNuQ4xp9ty1NEdsYSW2-R","https://firebasestorage.googleapis.com/v0/b/flip-delivery.appspot.com/o/images%2F2022-08-17%2016%3A58%3A34.544?alt=media&token=440adf6f-e95c-44ac-b310-4ba2894485fe","ROYAL","profiles/7K9hfpUiPzNuQ4xp9ty1NEdsYSW2-R","M-20-GG 587","N/A"
"BLACK","2022-08-05 17:29:24","87YV00Z6vIeUToQs4LjoLCOImxo2-R","https://firebasestorage.googleapis.com/v0/b/flip-delivery.appspot.com/o/images%2F2022-08-05%2017%3A29%3A17.136?alt=media&token=80f2af15-1372-48c2-afb1-f80abd9f7782","ROYAL 150","profiles/87YV00Z6vIeUToQs4LjoLCOImxo2-R","ABDUL YUSSIF","N/A"
"BLACK","2022-07-13 13:41:08","8doW2TdNbnTqVAn8umfp1O4zyn63-R","https://firebasestorage.googleapis.com/v0/b/flip-delivery.appspot.com/o/images%2F2022-07-13%2013%3A41%3A04.260?alt=media&token=6f768606-5195-4636-b087-168a25569c59","ROYAL","profiles/8doW2TdNbnTqVAn8umfp1O4zyn63-R","M-21-GR 123","N/A"
"RED","2022-06-24 11:49:12","9YL7c8hLxOfDy4SQfFtDGiuNb0F2-R","https://firebasestorage.googleapis.com/v0/b/flip-delivery.appspot.com/o/images%2F2022-06-24%2011%3A49%3A07.170?alt=media&token=d3a15ced-7dcb-427f-9e0d-6db89c92f235","BOXER","profiles/9YL7c8hLxOfDy4SQfFtDGiuNb0F2-R","M-22-AW 813","N/A"
"RED","2022-08-09 15:54:44","AEv9zuSoizQL4wOXhBMVibNxQkX2-R","https://firebasestorage.googleapis.com/v0/b/flip-delivery.appspot.com/o/images%2F2022-08-09%2015%3A54%3A38.791?alt=media&token=04523266-0a22-4215-8e0a-c6582d3930bb","BOXER BM150","profiles/AEv9zuSoizQL4wOXhBMVibNxQkX2-R","M-21 GW 526","N/A"
"BLACK","2022-06-30 13:42:50","ApLo0VicAeNpCp6uBW306eGQnhv1-R","https://firebasestorage.googleapis.com/v0/b/flip-delivery.appspot.com/o/images%2F2022-06-30%2013%3A42%3A46.468?alt=media&token=5746dcf5-07ea-4f71-8bce-f2a74e0d3869","BOXER","profiles/ApLo0VicAeNpCp6uBW306eGQnhv1-R","M-22-AS 6685","N/A"
"BLACK","2022-09-05 17:15:53","AunjJxGBZYMMwaHWmZdA04Col0P2-R","https://firebasestorage.googleapis.com/v0/b/flip-delivery.appspot.com/o/images%2F2022-09-05%2017%3A15%3A44.684?alt=media&token=9d9a12a7-f41b-4505-b8a2-6060918a3e25","ROYAL","profiles/AunjJxGBZYMMwaHWmZdA04Col0P2-R","M-22 GW 3411","N/A"
"RED","2022-07-17 16:50:49","AwR6VJxOYfQuG3v75v4OR5E9GK83-R","https://firebasestorage.googleapis.com/v0/b/flip-delivery.appspot.com/o/images%2F2022-07-17%2016%3A50%3A41.060?alt=media&token=16e0417f-f9d2-40a3-bf74-58de219c5d91","ROYAL 158","profiles/AwR6VJxOYfQuG3v75v4OR5E9GK83-R","M-22-GR 3393","N/A"
"RED","2022-12-20 09:53:59","BJUeayRTtbM2BWAY3MGNAcT3LLB2-R","https://firebasestorage.googleapis.com/v0/b/flip-delivery.appspot.com/o/images%2F2022-12-20%2009%3A53%3A49.896?alt=media&token=c42673ad-ae74-4fa1-86ea-4261f3e85ee8","BAJAJ BOXER","profiles/BJUeayRTtbM2BWAY3MGNAcT3LLB2-R","M-22-AS 2184","N/A"
"BLUE","2022-08-23 21:57:47","BaJF3g8RCKQ4NY4ulEeaRb0CxS02-R","https://firebasestorage.googleapis.com/v0/b/flip-delivery.appspot.com/o/images%2F2022-08-23%2021%3A57%3A42.810?alt=media&token=a082667b-77ff-4fd9-b2aa-0063df667db1","R125A ROYAL","profiles/BaJF3g8RCKQ4NY4ulEeaRb0CxS02-R","M-21-GR 3999","N/A"
"BLACK","2022-10-28 10:38:49","BrqRb2TAWngFEyljVAKL8lUQr833-R","https://firebasestorage.googleapis.com/v0/b/flip-delivery.appspot.com/o/images%2F2022-10-28%2010%3A38%3A46.394?alt=media&token=ea0e8996-e987-4775-ad1c-20d191c6b058","ROYAL","profiles/BrqRb2TAWngFEyljVAKL8lUQr833-R","M-21-GW 685","N/A"
"RED","2022-07-13 09:58:30","CIDMiJDB2TciTOK8acZujzvtNmr1-R","https://firebasestorage.googleapis.com/v0/b/flip-delivery.appspot.com/o/images%2F2022-07-13%2009%3A58%3A20.854?alt=media&token=955f4c4d-171f-4585-a766-52594db4cb32","ROYAL 125","profiles/CIDMiJDB2TciTOK8acZujzvtNmr1-R","M-22-GR 309","N/A"
"WINE","2022-07-04 15:51:19","CjlDpF5FeDNT789lHANPeM7j6Kp1-R","https://firebasestorage.googleapis.com/v0/b/flip-delivery.appspot.com/o/images%2F2022-07-04%2015%3A51%3A11.472?alt=media&token=0893e009-56e8-46fe-9fc9-01276733bf53","SUPREME","profiles/CjlDpF5FeDNT789lHANPeM7j6Kp1-R","M-22-AS8676","N/A"
"BLACK","2022-08-12 12:47:07","CkQ1XVscsqb31Uya9wpJxlaeWCc2-R","https://firebasestorage.googleapis.com/v0/b/flip-delivery.appspot.com/o/images%2F2022-08-12%2012%3A47%3A02.731?alt=media&token=c8378806-7079-440c-8122-23fbf6f41e62","N/A","profiles/CkQ1XVscsqb31Uya9wpJxlaeWCc2-R","M-20-GW 2571","N/A"
"black","2022-10-03 09:39:18","DpgR506Hv5M49nsOgRxsiPF2pDu1-R","","234","profiles/DpgR506Hv5M49nsOgRxsiPF2pDu1-R","ewerew","1243234325421"
"BLACK","2022-10-05 16:34:46","DuBlZcPneKQgAth3ATZopEeS1VB2-R","https://firebasestorage.googleapis.com/v0/b/flip-delivery.appspot.com/o/images%2F2022-10-05%2016%3A34%3A38.574?alt=media&token=ae1ebff9-51ee-4294-81dd-6df331ffbf4e","SUPREME STAR","profiles/DuBlZcPneKQgAth3ATZopEeS1VB2-R","M-22 GW 5308","N/A"
"RED","2022-08-26 16:01:16","Dx9i37QU7fY0BTJUngfmn7E0dzG2-R","https://firebasestorage.googleapis.com/v0/b/flip-delivery.appspot.com/o/images%2F2022-08-26%2016%3A00%3A44.333?alt=media&token=bc24088c-3de4-4597-8a80-0a1b91f1695f","ROYAL ","profiles/Dx9i37QU7fY0BTJUngfmn7E0dzG2-R","M-22 GW 3500","N/A"
"BLACK","2022-06-23 21:39:22","ESr6sYXQe9W7RlSbaOxWcD8uZsA3-R","https://firebasestorage.googleapis.com/v0/b/flip-delivery.appspot.com/o/images%2F2022-06-23%2021%3A38%3A17.256?alt=media&token=35ccf249-9cce-4f11-bf1e-0296e829e4bd","BAJAJ 145 CHINA","profiles/ESr6sYXQe9W7RlSbaOxWcD8uZsA3-R","M-21-AW 5275","N/A"
"BLUE","2022-07-20 16:58:34","EcxKtVr7tScBQaESIB1MqVfkjj53-R","https://firebasestorage.googleapis.com/v0/b/flip-delivery.appspot.com/o/images%2F2022-07-20%2016%3A58%3A29.227?alt=media&token=7dda92b6-82e9-45ff-bdb1-8ce1d84b29c4","ROYAL","profiles/EcxKtVr7tScBQaESIB1MqVfkjj53-R","M-22-AS 2452","N/A"
"RED","2022-09-23 16:04:27","Ei2dKc1NFIhVVktsm6Y2m4GIWGf2-R","https://firebasestorage.googleapis.com/v0/b/flip-delivery.appspot.com/o/images%2F2022-09-23%2016%3A04%3A20.702?alt=media&token=97be9621-0a16-4a04-acaf-c559f933061b","HONDA PORZA","profiles/Ei2dKc1NFIhVVktsm6Y2m4GIWGf2-R","M-20-GE 7015","N/A"
"BLACK","2022-06-23 12:43:21","EzHmbLpwDvgZj6mS33zxZ3v5N512-R","https://firebasestorage.googleapis.com/v0/b/flip-delivery.appspot.com/o/images%2F2022-06-23%2012%3A43%3A14.411?alt=media&token=6ac3cc4e-a554-4b0c-ba72-2ebb7af3cb0e","APSONIC","profiles/EzHmbLpwDvgZj6mS33zxZ3v5N512-R","M-22-AS 4263","N/A"
"BLACK","2022-07-26 18:27:58","FCNaYXBluLQFhOcSPAhDWaG8HZL2-R","https://firebasestorage.googleapis.com/v0/b/flip-delivery.appspot.com/o/images%2F2022-07-26%2018%3A27%3A36.565?alt=media&token=231e4f55-d003-4c7e-9df2-fee64ffdd5bf,https://firebasestorage.googleapis.com/v0/b/flip-delivery.appspot.com/o/images%2F2022-07-26%2018%3A27%3A50.665?alt=media&token=93df46e5-d842-4f40-bdf6-14c3813bfa1f","RY125A","profiles/FCNaYXBluLQFhOcSPAhDWaG8HZL2-R","M-22-GW 2639","N/A"
"BLACK","2022-09-02 16:41:33","G9hraCs2dyUIyTIcd1fWysYlhAE3-R","https://firebasestorage.googleapis.com/v0/b/flip-delivery.appspot.com/o/images%2F2022-09-02%2016%3A41%3A22.224?alt=media&token=064a4663-023f-449e-85be-a031cff57f4e","ROYAL","profiles/G9hraCs2dyUIyTIcd1fWysYlhAE3-R","M-21 GW 575","N/A"
"BLACK","2022-07-26 16:31:00","GS7UUHYHuAg326YxSpaVaT6bHPu1-R","https://firebasestorage.googleapis.com/v0/b/flip-delivery.appspot.com/o/images%2F2022-07-26%2016%3A30%3A46.141?alt=media&token=ff72e448-543d-46a7-8b14-62b8ac533404,https://firebasestorage.googleapis.com/v0/b/flip-delivery.appspot.com/o/images%2F2022-07-26%2016%3A30%3A55.593?alt=media&token=caf94ad0-ccd1-4d07-8130-e4809f48274b","SONLINK SL125","profiles/GS7UUHYHuAg326YxSpaVaT6bHPu1-R","M-22-GR 3345","N/A"
"RED","2023-01-02 09:11:20","GcooZoAeVzMeXQLua1iIQHWHTGM2-R","https://firebasestorage.googleapis.com/v0/b/flip-delivery.appspot.com/o/images%2F2023-01-02%2009%3A11%3A17.052?alt=media&token=758b0e5e-edd0-452e-8abe-39da2eb497e5","ROYAL","profiles/GcooZoAeVzMeXQLua1iIQHWHTGM2-R","M-21 GS 9525","N/A"
"RED","2022-06-30 14:40:06","I7OC6zC6CJVGoTNld1gnhRKorRx2-R","https://firebasestorage.googleapis.com/v0/b/flip-delivery.appspot.com/o/images%2F2022-06-30%2014%3A40%3A02.854?alt=media&token=4852b11d-ba20-44a0-aece-36335fb85be8","BOXER","profiles/I7OC6zC6CJVGoTNld1gnhRKorRx2-R","M-22-AS 2184","N/A"
"BLACK","2022-07-22 16:49:17","IFbQw94hmNOw18y84TnkhqIrvUI2-R","https://firebasestorage.googleapis.com/v0/b/flip-delivery.appspot.com/o/images%2F2022-07-22%2016%3A49%3A11.230?alt=media&token=1409e5f9-4ddf-4888-a3ed-f444c3d03865","BAJAJ TRICYCLE","profiles/IFbQw94hmNOw18y84TnkhqIrvUI2-R","M-20-AS 8511","N/A"
"BLUE","2022-08-09 03:06:59","JStMD4Ej6FMaaOOh38jcQsozYUS2-R","https://firebasestorage.googleapis.com/v0/b/flip-delivery.appspot.com/o/images%2F2022-08-09%2003%3A06%3A50.404?alt=media&token=90014d5c-47e7-4765-9665-3d0db2518a10","ROYAL 125A","profiles/JStMD4Ej6FMaaOOh38jcQsozYUS2-R","M22 GE 2324","N/A"
"BLACK","2022-07-28 13:28:03","JU7thozTCweX3vpyoHFHnfSh3Ev2-R","https://firebasestorage.googleapis.com/v0/b/flip-delivery.appspot.com/o/images%2F2022-07-28%2013%3A27%3A50.714?alt=media&token=432506ca-deb2-4253-b329-72d30e33fb21,https://firebasestorage.googleapis.com/v0/b/flip-delivery.appspot.com/o/images%2F2022-07-28%2013%3A27%3A58.761?alt=media&token=12a2d073-380d-4add-b0cb-4b4dab4ae41c","ROYAL 125","profiles/JU7thozTCweX3vpyoHFHnfSh3Ev2-R","M-22-GR 2268","N/A"
"SEA BLUE","2022-11-04 15:32:56","JUFoAsgrG7dIQvVwuLIxL8UGKhq2-R","https://firebasestorage.googleapis.com/v0/b/flip-delivery.appspot.com/o/images%2F2022-11-04%2015%3A32%3A36.788?alt=media&token=14b14f0e-6e7e-4b64-b72e-2b05fefd9fe6","HAOJIN","profiles/JUFoAsgrG7dIQvVwuLIxL8UGKhq2-R","M-22-AS 5006","N/A"
"BLACK","2022-11-15 16:05:07","JZCezHT6EqNSqXaJBdjM6Etnf0f2-R","","ROYAL","profiles/JZCezHT6EqNSqXaJBdjM6Etnf0f2-R","M-21-GS 125","N/A"
"BLACK","2022-07-27 12:38:43","Jc6vpNTgdsPPQFP6yGQ4iF7R0vh2-R","https://firebasestorage.googleapis.com/v0/b/flip-delivery.appspot.com/o/images%2F2022-07-27%2012%3A38%3A31.500?alt=media&token=20c20c9b-3a2b-4bb3-9410-f723fac96c9f","ROYAL RY125","profiles/Jc6vpNTgdsPPQFP6yGQ4iF7R0vh2-R","M-22 GW 3369","N/A"
"GOLD","2022-08-02 16:20:16","JuHe3iM2HuQJl9HGvmvHDsvAqb03-R","https://firebasestorage.googleapis.com/v0/b/flip-delivery.appspot.com/o/images%2F2022-08-02%2016%3A20%3A06.711?alt=media&token=d7e07c59-648c-4d98-85bd-b25a6429f8c0","ROYAL ","profiles/JuHe3iM2HuQJl9HGvmvHDsvAqb03-R","M-21-AS 750","N/A"
"BLACK","2022-07-26 12:04:25","KDaHE4OUiLPeQSaxDunk8pLRxPZ2-R","https://firebasestorage.googleapis.com/v0/b/flip-delivery.appspot.com/o/images%2F2022-07-26%2012%3A04%3A17.678?alt=media&token=1664afbd-f91e-4a38-82e1-2c5b090948a0","ROYAL","profiles/KDaHE4OUiLPeQSaxDunk8pLRxPZ2-R","M-21-GW 6985","N/A"
"BLACK","2022-12-07 16:07:31","KQAyN33eXdW4v1nOtOvgz76tLlc2-R","https://firebasestorage.googleapis.com/v0/b/flip-delivery.appspot.com/o/images%2F2022-12-07%2016%3A06%3A52.863?alt=media&token=a1f94dc6-719b-4de5-8223-a3db8a4fd013,https://firebasestorage.googleapis.com/v0/b/flip-delivery.appspot.com/o/images%2F2022-12-07%2016%3A07%3A01.055?alt=media&token=15a540dc-b0ae-4a8d-8d49-277cf5661cc5","BAJAJ","profiles/KQAyN33eXdW4v1nOtOvgz76tLlc2-R","M-22 GE 4347","N/A"
"BLACK","2022-10-24 13:52:05","L0wDu2pFi4ZsWvkHbQfqPm6zLl02-R","https://firebasestorage.googleapis.com/v0/b/flip-delivery.appspot.com/o/images%2F2022-10-24%2013%3A51%3A59.357?alt=media&token=b59864a1-5099-4670-90af-8f7b4dd1895e","BOXER","profiles/L0wDu2pFi4ZsWvkHbQfqPm6zLl02-R","M-21-AS 5787","N/A"
"BLUE","2022-07-26 13:14:59","MXFVjlAsYVXlqeIumXJl6nVIEPo1-R","https://firebasestorage.googleapis.com/v0/b/flip-delivery.appspot.com/o/images%2F2022-07-26%2013%3A14%3A44.120?alt=media&token=a829af6b-cf37-48b0-847f-2f75aca7efca,https://firebasestorage.googleapis.com/v0/b/flip-delivery.appspot.com/o/images%2F2022-07-26%2013%3A14%3A54.105?alt=media&token=d9418323-4c0d-4710-bd54-b72dc0f72411","ROYAL","profiles/MXFVjlAsYVXlqeIumXJl6nVIEPo1-R","M-21-GE 6482","N/A"
"red","2022-10-11 00:11:49","MZndir8AQtWcHJPnMM0cYM29LEG3-R","https://firebasestorage.googleapis.com/v0/b/flip-delivery.appspot.com/o/images%2F2022-10-11%2000%3A11%3A34.541?alt=media&token=8ea090b4-fd35-44ce-aaba-eb10c0d21ffc,https://firebasestorage.googleapis.com/v0/b/flip-delivery.appspot.com/o/images%2F2022-10-11%2000%3A11%3A44.982?alt=media&token=bc341ac7-3a5a-4871-9c81-b98b2ee6e71f","kia rio 2014","profiles/MZndir8AQtWcHJPnMM0cYM29LEG3-R","as-8957-19","ac659"
"BLACK","2022-09-23 11:40:32","ND4QEO9dWdhnrj5Q5sIPimrlY5M2-R","https://firebasestorage.googleapis.com/v0/b/flip-delivery.appspot.com/o/images%2F2022-09-23%2011%3A40%3A28.454?alt=media&token=de9d1ab8-47c2-4d75-b908-800d20daad13","BAJAJ BOXER","profiles/ND4QEO9dWdhnrj5Q5sIPimrlY5M2-R","M-22-AW 3700","N/A"
"BLACK","2022-09-16 14:55:35","NYx1yoifCtMa3on6foVjmQfXxZq2-R","https://firebasestorage.googleapis.com/v0/b/flip-delivery.appspot.com/o/images%2F2022-09-16%2014%3A54%3A47.307?alt=media&token=8055b704-3ab8-4682-acf7-57dcf9260f7d","BAJAJ","profiles/NYx1yoifCtMa3on6foVjmQfXxZq2-R","M-21-GE 402","N/A"
"BLACK","2022-09-07 15:47:10","OS4vz8BpO8XeQiTYACSdY9VZEJJ3-R","https://firebasestorage.googleapis.com/v0/b/flip-delivery.appspot.com/o/images%2F2022-09-07%2015%3A47%3A02.047?alt=media&token=1264df3e-f16a-4299-9cee-b61befa83e18","BAJAJ","profiles/OS4vz8BpO8XeQiTYACSdY9VZEJJ3-R","M-16-GT 2042","N/A"
"BLACK","2022-09-09 16:06:02","OimaW3kVFHTFUhKG1Ih1mLHBDWm1-R","https://firebasestorage.googleapis.com/v0/b/flip-delivery.appspot.com/o/images%2F2022-09-09%2016%3A05%3A57.521?alt=media&token=bc867455-c561-43c3-830f-1f65e3955b0f","ROYAL ","profiles/OimaW3kVFHTFUhKG1Ih1mLHBDWm1-R","M-22 GW 2639","N/A"
"BLACK","2022-08-08 23:00:26","PZ6aB3i2IJNJ4ReY8RZ6RsUgyKm2-R","https://firebasestorage.googleapis.com/v0/b/flip-delivery.appspot.com/o/images%2F2022-08-08%2023%3A00%3A22.583?alt=media&token=7ab9edd9-a413-4b98-aed9-1740307bcb97","SONLINK","profiles/PZ6aB3i2IJNJ4ReY8RZ6RsUgyKm2-R","M-21-GS 6829","N/A"
"green","2022-05-25 09:33:36","QEZ6No4FJ6dPtXq1FOsxQ3YGA4Y2-R","https://firebasestorage.googleapis.com/v0/b/flip-delivery.appspot.com/o/images%2F2022-05-25%2009%3A33%3A31.200?alt=media&token=2de69cd5-9b5c-4d59-bf3a-f1b9eea04038","Benz","profiles/QEZ6No4FJ6dPtXq1FOsxQ3YGA4Y2-R","AS 23123","123213124"
"WINE","2022-08-15 14:38:55","Qd0lM47hlYSKsp8pI87CPWq1rCx1-R","https://firebasestorage.googleapis.com/v0/b/flip-delivery.appspot.com/o/images%2F2022-08-15%2014%3A38%3A46.864?alt=media&token=271474b2-740f-4847-9dc9-ec106a1bbbda","SONLINK","profiles/Qd0lM47hlYSKsp8pI87CPWq1rCx1-R","M-21-GE-6866","N/A"
"BLACK","2022-07-06 11:42:05","QnNabYQV2JPxGQAX3O2ouGNQbW43-R","https://firebasestorage.googleapis.com/v0/b/flip-delivery.appspot.com/o/images%2F2022-07-06%2011%3A41%3A58.414?alt=media&token=440febad-1ce9-40f6-9622-5b5db55452cc","ROYAL","profiles/QnNabYQV2JPxGQAX3O2ouGNQbW43-R","M-22-AS-8573","N/A"
"BLACK","2022-08-04 13:43:10","RLxnwrnFusNdzNfInfFuRohIYSk1-R","https://firebasestorage.googleapis.com/v0/b/flip-delivery.appspot.com/o/images%2F2022-08-04%2013%3A43%3A06.469?alt=media&token=ed9cfa3b-921e-48a0-98ed-71340d33a880","HAOJUE HJ 125-8N","profiles/RLxnwrnFusNdzNfInfFuRohIYSk1-R","M-22-GR 564","N/A"
"BLACK","2022-09-01 16:47:40","Rh1fDWIXtuV8HKul4HDYbHdOVzG2-R","https://firebasestorage.googleapis.com/v0/b/flip-delivery.appspot.com/o/images%2F2022-09-01%2016%3A47%3A22.228?alt=media&token=0bf68805-2715-46ea-bccb-5994adb383bf","ROYAL","profiles/Rh1fDWIXtuV8HKul4HDYbHdOVzG2-R","M-22-GW 2128","N/A"
"BLACK","2022-07-06 12:30:38","RuqYsGD5yThxdppxcuTh53Ql9Is1-R","https://firebasestorage.googleapis.com/v0/b/flip-delivery.appspot.com/o/images%2F2022-07-06%2012%3A30%3A32.839?alt=media&token=a0e75ec8-ed1e-48b1-9ac1-94991decea12","BAJAJ","profiles/RuqYsGD5yThxdppxcuTh53Ql9Is1-R","M-21-AW 4927","N/A"
"YELLOW","2022-08-29 12:27:16","S5EDdC30tCReJpdrGlColFfeX773-R","https://firebasestorage.googleapis.com/v0/b/flip-delivery.appspot.com/o/images%2F2022-08-29%2012%3A25%3A05.146?alt=media&token=43dcd7f3-d60a-41ee-8e9e-1c5407d3511f","BAJAJ","profiles/S5EDdC30tCReJpdrGlColFfeX773-R","M-19-AS 864","N/A"
"BLACK","2022-07-12 12:20:22","Sm8NZR6IszZQM4JHGnQoQlmiyyL2-R","https://firebasestorage.googleapis.com/v0/b/flip-delivery.appspot.com/o/images%2F2022-07-12%2012%3A20%3A18.250?alt=media&token=d61b2eb9-c10c-44d0-9366-60803bf5b492","ROYAL RY125A","profiles/Sm8NZR6IszZQM4JHGnQoQlmiyyL2-R","M-21-GR 7787","NA"
"BLACK","2022-08-18 16:11:10","TlhdyK3RjaVHbW2Hx3vdL1rWolM2-R","https://firebasestorage.googleapis.com/v0/b/flip-delivery.appspot.com/o/images%2F2022-08-18%2016%3A11%3A01.592?alt=media&token=f8099364-6b04-4cb1-9af6-3d3918516f7b","SONLINK","profiles/TlhdyK3RjaVHbW2Hx3vdL1rWolM2-R","M-21 GS 1578","N/A"
"BLACK","2022-08-09 07:17:16","Tpqs0bzLCoZ3W3HC0MiMqDxRKSB3-R","https://firebasestorage.googleapis.com/v0/b/flip-delivery.appspot.com/o/images%2F2022-08-09%2007%3A17%3A09.795?alt=media&token=bb1378ff-dd0e-42c6-b6bc-4a886ec9638b","ROYAL 125A","profiles/Tpqs0bzLCoZ3W3HC0MiMqDxRKSB3-R","M-22 GW 4379","N/A"
"RED","2022-09-12 11:45:30","U2IjwSOv3DPbM5oMyd3VdCATY2C3-R","https://firebasestorage.googleapis.com/v0/b/flip-delivery.appspot.com/o/images%2F2022-09-12%2011%3A45%3A20.226?alt=media&token=e9a183ed-db60-41a9-bbfe-732ab112a101","ROYAL","profiles/U2IjwSOv3DPbM5oMyd3VdCATY2C3-R","M-22-GR 308","N/A"
"RED","2022-08-08 11:11:09","VChTjfXZmNNNbS4WCyjq9C4bvqE2-R","https://firebasestorage.googleapis.com/v0/b/flip-delivery.appspot.com/o/images%2F2022-08-08%2011%3A10%3A58.615?alt=media&token=bb20e0b2-7978-4c1e-9c68-593d045b77f0","ROYAL ","profiles/VChTjfXZmNNNbS4WCyjq9C4bvqE2-R","M-17-GR 1346","N/A"
"BLUE","2022-07-26 18:51:05","VOyqaYgAU1cfXm8Dw4BP9r3vyjz1-R","https://firebasestorage.googleapis.com/v0/b/flip-delivery.appspot.com/o/images%2F2022-07-26%2018%3A51%3A00.009?alt=media&token=543c9448-81f7-48bd-83c1-9bfb15892097","ROYAL RY125A","profiles/VOyqaYgAU1cfXm8Dw4BP9r3vyjz1-R","M-ZZ-GR 3814","N/A"
"BLACK","2022-07-25 14:01:14","VRUozii2oQblDiLjsUk6zB5Uk4h2-R","https://firebasestorage.googleapis.com/v0/b/flip-delivery.appspot.com/o/images%2F2022-07-25%2014%3A01%3A03.313?alt=media&token=628ab63a-bf9a-4c06-9f8d-265855e9cb4b","ROYAL","profiles/VRUozii2oQblDiLjsUk6zB5Uk4h2-R","M-21-GS3337","N/A"
"RED","2022-07-28 16:14:31","WS2kQZcVu3TF5rv7j5StwXEOa7u2-R","https://firebasestorage.googleapis.com/v0/b/flip-delivery.appspot.com/o/images%2F2022-07-28%2016%3A14%3A26.438?alt=media&token=0abb1958-eb97-4537-ab9d-d858d9fd8ec4","BAJAJ","profiles/WS2kQZcVu3TF5rv7j5StwXEOa7u2-R","M-21-GE 3048","N/A"
"BLACK","2022-07-22 15:31:32","XIuS79TSsQZvmPOTuqyiFaitbgY2-R","https://firebasestorage.googleapis.com/v0/b/flip-delivery.appspot.com/o/images%2F2022-07-22%2015%3A31%3A29.305?alt=media&token=4efa8bb0-9921-4e73-a6be-575337cff002","ROYAL","profiles/XIuS79TSsQZvmPOTuqyiFaitbgY2-R","M-22-GR 2778","N/A"
"YELLOW","2022-08-02 15:48:35","Xwp0y433BhUJHMe41EOFdp9rIUq1-R","https://firebasestorage.googleapis.com/v0/b/flip-delivery.appspot.com/o/images%2F2022-08-02%2015%3A48%3A27.621?alt=media&token=5ea03489-f932-4aa0-92ae-234e26982021","BAJAJ","profiles/Xwp0y433BhUJHMe41EOFdp9rIUq1-R","M-19-GW 6705","N/A"
"BLACK","2022-09-07 09:40:38","Yh889DrKcngPnOJJ8ApPDCOAkRq2-R","https://firebasestorage.googleapis.com/v0/b/flip-delivery.appspot.com/o/images%2F2022-09-07%2009%3A40%3A23.657?alt=media&token=ca311649-65c2-4921-8410-646dfbcff0af","BAJAJ","profiles/Yh889DrKcngPnOJJ8ApPDCOAkRq2-R","M-22-GE 4837","N/A"
"BLACK","2022-09-02 10:12:20","YnSU3rfIWZg7JTEItNt2lshDOR32-R","https://firebasestorage.googleapis.com/v0/b/flip-delivery.appspot.com/o/images%2F2022-09-02%2010%3A12%3A12.223?alt=media&token=1f04336b-2979-49af-a5b6-5ed39b9934c1","ROYAL","profiles/YnSU3rfIWZg7JTEItNt2lshDOR32-R","M-19-GR 27","N/A"
"BLACK","2022-08-29 17:53:31","ZX1VRXGkyhSND8tjZO8GWQuakKm1-R","https://firebasestorage.googleapis.com/v0/b/flip-delivery.appspot.com/o/images%2F2022-08-29%2017%3A53%3A17.025?alt=media&token=64d67cf7-b7e0-4275-9c35-33dcf9f077ff,https://firebasestorage.googleapis.com/v0/b/flip-delivery.appspot.com/o/images%2F2022-08-29%2017%3A53%3A25.792?alt=media&token=8332d447-3475-48f6-b828-fe844b7f5d7e","YCZ125-5 YAMAHA","profiles/ZX1VRXGkyhSND8tjZO8GWQuakKm1-R","M-20-GT 2968","N/A"
"RED","2022-08-18 14:28:40","ZlKVzZ3h6XXZHOqWobpq96biQl93-R","https://firebasestorage.googleapis.com/v0/b/flip-delivery.appspot.com/o/images%2F2022-08-18%2014%3A28%3A24.745?alt=media&token=3b2e522f-0097-4318-a2b9-61bb8693072b","ROYAL","profiles/ZlKVzZ3h6XXZHOqWobpq96biQl93-R","M-21-AS 4095","N/A"
"RED","2022-08-18 15:33:05","bHdqkYDIyNN9b5DG7qha7Qte5dg2-R","https://firebasestorage.googleapis.com/v0/b/flip-delivery.appspot.com/o/images%2F2022-08-18%2015%3A33%3A00.019?alt=media&token=9460d3df-fe00-4c03-94a1-03a69b330fee","HOAJUE 125","profiles/bHdqkYDIyNN9b5DG7qha7Qte5dg2-R","M-20-GR 510","N/A"
"BLACK","2023-01-11 15:07:01","cOsBYg9mzZRUZvl63w3hwtlnD5q2-R","https://firebasestorage.googleapis.com/v0/b/flip-delivery.appspot.com/o/images%2F2023-01-11%2015%3A06%3A57.407?alt=media&token=be29e1c5-74ac-42a6-a04f-6c12b702ea62","BAJAJ AUTO","profiles/cOsBYg9mzZRUZvl63w3hwtlnD5q2-R","M-21-GS 2108","N/A"
"ORANGE ","2022-08-09 16:15:38","d7igIjHrpMhEGtKxXpVpU0MPTRh2-R","https://firebasestorage.googleapis.com/v0/b/flip-delivery.appspot.com/o/images%2F2022-08-09%2016%3A15%3A27.871?alt=media&token=554efedf-8e9d-4cc7-a8b6-10d3458f73fc","APSONIC AP125","profiles/d7igIjHrpMhEGtKxXpVpU0MPTRh2-R","M-22 AW 699","N/A"
"BLACK","2022-10-11 12:44:10","d9VIxnJfUsYCsiUqeXrSnfeI1fE3-R","https://firebasestorage.googleapis.com/v0/b/flip-delivery.appspot.com/o/images%2F2022-10-11%2012%3A44%3A06.341?alt=media&token=a4b115d3-c425-4c1d-97ed-8e12189a37c6","ROYAL","profiles/d9VIxnJfUsYCsiUqeXrSnfeI1fE3-R","M-21-GE 7041","N/A"
"BLACK","2022-09-15 16:10:02","deFvvy0Jngb3qAWFco214JYwkD63-R","https://firebasestorage.googleapis.com/v0/b/flip-delivery.appspot.com/o/images%2F2022-09-15%2016%3A09%3A56.528?alt=media&token=8e2ce091-8519-41d8-a444-68cb2f0ea0b8","BOXER","profiles/deFvvy0Jngb3qAWFco214JYwkD63-R","M-22-AS 8611","N/A"
"BROWN","2022-08-09 22:21:18","eCSf2cpeuKg0ggtuujVwArj5P8q2-R","https://firebasestorage.googleapis.com/v0/b/flip-delivery.appspot.com/o/images%2F2022-08-09%2022%3A21%3A13.457?alt=media&token=a61653e5-cbe5-41c3-acbe-f6b060c883b7","YAMAHA CRUX","profiles/eCSf2cpeuKg0ggtuujVwArj5P8q2-R","M-21-GT-4681","N/A"
"PURPLE","2022-09-15 17:02:03","ej3GSslUbrhdHph0Zn5UDAgEpws2-R","https://firebasestorage.googleapis.com/v0/b/flip-delivery.appspot.com/o/images%2F2022-09-15%2017%3A01%3A56.330?alt=media&token=3ab264dc-622e-47f2-b65e-4e999fa350f4","SANYA","profiles/ej3GSslUbrhdHph0Zn5UDAgEpws2-R","M-21-GE 6540","N/A"
"BLACK","2023-01-11 15:50:14","emAl0N2NZnets0kPwNexfyZ0MB02-R","https://firebasestorage.googleapis.com/v0/b/flip-delivery.appspot.com/o/images%2F2023-01-11%2015%3A50%3A11.292?alt=media&token=0ef64718-ea54-4065-a93a-b87c91cb85dc","ROYAL ","profiles/emAl0N2NZnets0kPwNexfyZ0MB02-R","M-22 GE 1874","N/A"
"red","2022-05-30 20:05:34","erSTXnaCdvTUu6UdPSKWHM3qMup1-R","","deagaga","profiles/erSTXnaCdvTUu6UdPSKWHM3qMup1-R","3535852","5262"
"BLACK","2022-10-11 13:26:09","ewwIxLlVDNWc5YBMGSXE1trp9bB3-R","https://firebasestorage.googleapis.com/v0/b/flip-delivery.appspot.com/o/images%2F2022-10-11%2013%3A25%3A58.590?alt=media&token=73ad1dff-099b-4622-8bc8-6d1bebc3be24","ROYAL ","profiles/ewwIxLlVDNWc5YBMGSXE1trp9bB3-R","M-22-AS 8347","N/A"
"red","2022-07-18 14:36:45","fkAdRKG4KAea3scpCqXD9mEswNG2-R","https://firebasestorage.googleapis.com/v0/b/flip-delivery.appspot.com/o/images%2F2022-07-18%2014%3A36%3A38.783?alt=media&token=9c23e34f-543c-47ef-9b61-7ba3144530e9","bmw","profiles/fkAdRKG4KAea3scpCqXD9mEswNG2-R","7687685","757565765"
"BLACK","2022-06-24 13:23:10","gIp3NELABZWrzPJDw5hoysOd6Q02-R","https://firebasestorage.googleapis.com/v0/b/flip-delivery.appspot.com/o/images%2F2022-06-24%2013%3A23%3A05.694?alt=media&token=8427195c-c2aa-4a6b-8338-bf439c64c824","BOXER","profiles/gIp3NELABZWrzPJDw5hoysOd6Q02-R","M-22-AS 8611","N/A"
"BLACK","2022-06-24 09:46:12","gkREe4tUQZVMdkBtGiBaFUVslrr1-R","https://firebasestorage.googleapis.com/v0/b/flip-delivery.appspot.com/o/images%2F2022-06-24%2009%3A46%3A06.635?alt=media&token=9485f2d3-07d5-47b7-940f-88afdfc687db","BOXER","profiles/gkREe4tUQZVMdkBtGiBaFUVslrr1-R","M-22-AS 8244","N/A"
"WINE","2022-06-17 12:21:57","hvTC309NEMZx1OcY2JEX7gLksQB3-R","https://firebasestorage.googleapis.com/v0/b/flip-delivery.appspot.com/o/images%2F2022-06-17%2012%3A21%3A52.142?alt=media&token=9fd39b76-11d5-4fcf-9ad5-df53c1c112fa","HAOJIN HJ 125-99","profiles/hvTC309NEMZx1OcY2JEX7gLksQB3-R","M-21-AW283","N/A"
"BLACK","2022-07-06 09:43:25","jfcMoY7bZgdB5AxhyqXcV036Qb23-R","https://firebasestorage.googleapis.com/v0/b/flip-delivery.appspot.com/o/images%2F2022-07-06%2009%3A43%3A18.053?alt=media&token=06a0fe52-e666-4cd9-bf86-ee7e1a5db371","SAFARI","profiles/jfcMoY7bZgdB5AxhyqXcV036Qb23-R","M-22-AS 905","N/A"
"RED","2022-11-02 10:46:29","jjSActwOmXRcsaGr0ZehmOpUj3C3-R","https://firebasestorage.googleapis.com/v0/b/flip-delivery.appspot.com/o/images%2F2022-11-02%2010%3A46%3A25.883?alt=media&token=bc00a8e6-21f9-418f-81be-b6d5630e8dd2","YAMAHA","profiles/jjSActwOmXRcsaGr0ZehmOpUj3C3-R","M-13 GT 1799","N/A"
"BLUE","2022-06-24 16:01:02","jpH88sD4b6gG2HutSq6RvgzuLx03-R","https://firebasestorage.googleapis.com/v0/b/flip-delivery.appspot.com/o/images%2F2022-06-24%2016%3A00%3A55.176?alt=media&token=2885fa80-865b-4dbc-914e-b1e9a402fbba","ROYAL","profiles/jpH88sD4b6gG2HutSq6RvgzuLx03-R","M-22-AS 778","N/A"
"DARK RED","2022-08-01 14:32:04","jz9s7V5JywRFGYLzi5D54UyFcUu1-R","https://firebasestorage.googleapis.com/v0/b/flip-delivery.appspot.com/o/images%2F2022-08-01%2014%3A32%3A00.188?alt=media&token=730f8dd3-21ff-4871-9aa6-85fa2deb0ac0","HAOJUE 125","profiles/jz9s7V5JywRFGYLzi5D54UyFcUu1-R","M-22-GE 3703","N/A"
"RED","2022-08-09 08:02:40","lMAefTBBJLQRw45Rvij3eD4mJaw1-R","https://firebasestorage.googleapis.com/v0/b/flip-delivery.appspot.com/o/images%2F2022-08-09%2008%3A02%3A21.168?alt=media&token=13166a03-efdb-4a20-b0bc-708664a10e33","ROYAL RY125","profiles/lMAefTBBJLQRw45Rvij3eD4mJaw1-R","M-22 GW 2675","N/A"
"WINE","2022-07-06 10:52:40","lecJLm2AZqMERoJ8Lavau8xf6Pw2-R","https://firebasestorage.googleapis.com/v0/b/flip-delivery.appspot.com/o/images%2F2022-07-06%2010%3A52%3A34.191?alt=media&token=11bb4ad0-2445-4861-9765-486c03733d3c","HAOJIN","profiles/lecJLm2AZqMERoJ8Lavau8xf6Pw2-R","M-22-AK 515","N/A"
"BLACK","2022-08-09 16:34:21","m1PYkqo9ysdryM3IxPYac41IETU2-R","https://firebasestorage.googleapis.com/v0/b/flip-delivery.appspot.com/o/images%2F2022-08-09%2016%3A34%3A14.032?alt=media&token=4d0b5566-bc5a-4ef0-8906-48865e31c3e3","HAOJIN HJ125","profiles/m1PYkqo9ysdryM3IxPYac41IETU2-R","M-21 AW 9352","N/A"
"RED","2022-07-15 16:21:34","mViqbjGRyfMH9cXERgJmZmiDvHJ2-R","https://firebasestorage.googleapis.com/v0/b/flip-delivery.appspot.com/o/images%2F2022-07-15%2016%3A21%3A28.125?alt=media&token=49dcbcca-b3f3-4f93-9dcc-de3909ff3bb2","ROYAL","profiles/mViqbjGRyfMH9cXERgJmZmiDvHJ2-R","M-22-GR 3583","N/A"
"BLACK/BLUE","2022-07-26 15:55:01","nE1Dsro7k9fcNidDQiZboZ9ZWuJ3-R","https://firebasestorage.googleapis.com/v0/b/flip-delivery.appspot.com/o/images%2F2022-07-26%2015%3A54%3A19.232?alt=media&token=b3d61a3c-68c2-4914-9d46-52103f421a9c","APSONIC","profiles/nE1Dsro7k9fcNidDQiZboZ9ZWuJ3-R","M-22-AW 1414","N/A"
"RED","2022-06-29 14:54:08","nhUh9qTRGINUYlcTF5fqm1srTSz1-R","https://firebasestorage.googleapis.com/v0/b/flip-delivery.appspot.com/o/images%2F2022-06-29%2014%3A54%3A04.360?alt=media&token=001a36f8-861e-44f6-ac05-7ba2de3d6abc","SURERMESTER","profiles/nhUh9qTRGINUYlcTF5fqm1srTSz1-R","M-22-AS 9685","N/A"
"RED","2022-07-30 09:22:56","o1X4QdFjKBgmCo5lFiZllO6z7UY2-R","https://firebasestorage.googleapis.com/v0/b/flip-delivery.appspot.com/o/images%2F2022-07-30%2009%3A22%3A51.377?alt=media&token=8f76bfea-987d-49b9-a44d-45a1fc531e19","RY 125-A","profiles/o1X4QdFjKBgmCo5lFiZllO6z7UY2-R","M-22-GW 782","N/A"
"BLACK","2022-06-24 12:38:59","og7hPpz7FvPHe5EQCCaRCGyCvmx2-R","https://firebasestorage.googleapis.com/v0/b/flip-delivery.appspot.com/o/images%2F2022-06-24%2012%3A38%3A52.438?alt=media&token=6c5c5ede-83bb-454a-a007-4dfec7f4b68e","ROYAL","profiles/og7hPpz7FvPHe5EQCCaRCGyCvmx2-R","M-22-AS 4893","N/A"
"BLACK","2022-07-18 12:24:06","oljmRRFenRRxXROkdMIDtztsC5D2-R","https://firebasestorage.googleapis.com/v0/b/flip-delivery.appspot.com/o/images%2F2022-07-18%2012%3A24%3A01.697?alt=media&token=55403a4e-4e8e-4e38-8bfe-cb7c1976643d","APSONIC","profiles/oljmRRFenRRxXROkdMIDtztsC5D2-R","M-19-AS 1873","N/A"
"RED","2022-08-29 16:43:54","pjpsCdaI5mgRS6yxgblgBi0qftp2-R","https://firebasestorage.googleapis.com/v0/b/flip-delivery.appspot.com/o/images%2F2022-08-29%2016%3A43%3A49.828?alt=media&token=66a2a12f-578b-4571-97f6-3406bdc984af","RY125A ROYAL","profiles/pjpsCdaI5mgRS6yxgblgBi0qftp2-R","M-19 GR 7945","N/A"
"BROWN","2022-07-29 16:59:15","qmTHjKj8iTT0tdW7ysw6fRIKmPC2-R","https://firebasestorage.googleapis.com/v0/b/flip-delivery.appspot.com/o/images%2F2022-07-29%2016%3A59%3A10.154?alt=media&token=ca309ad5-43f8-4282-8359-542bd196dff4","HAOJIN","profiles/qmTHjKj8iTT0tdW7ysw6fRIKmPC2-R","M-21-AW 5106","N/A"
"ASH","2022-10-17 17:00:13","raHvpROnwqgkqLk049eltIwvdjF3-R","https://firebasestorage.googleapis.com/v0/b/flip-delivery.appspot.com/o/images%2F2022-10-17%2016%3A59%3A56.831?alt=media&token=a0b68844-6f16-4045-9beb-676a24f90da7","ROYAL","profiles/raHvpROnwqgkqLk049eltIwvdjF3-R","M-20-GS 799","N/A"
"yellow","2022-07-23 10:19:10","t3JFfMrtXVbH5M5WOiaZgEO7pxc2-R","https://firebasestorage.googleapis.com/v0/b/flip-delivery.appspot.com/o/images%2F2022-07-23%2010%3A18%3A51.510?alt=media&token=6ca6a05b-c67d-4538-beff-ed36539e50e4","y-290","profiles/t3JFfMrtXVbH5M5WOiaZgEO7pxc2-R","740","5555"
"RED","2022-08-17 10:58:58","tUI9pf0udAMxwKyh2SHpXzJQBvU2-R","https://firebasestorage.googleapis.com/v0/b/flip-delivery.appspot.com/o/images%2F2022-08-17%2010%3A58%3A47.227?alt=media&token=a60188f7-4c2a-42d3-bacc-72468d1fb244","BAJAJ","profiles/tUI9pf0udAMxwKyh2SHpXzJQBvU2-R","M-20-GE 8362","N/A"
"BLACK","2022-06-28 14:03:37","u8TkC8rrW0hhlfumKcbFUfuj35G3-R","https://firebasestorage.googleapis.com/v0/b/flip-delivery.appspot.com/o/images%2F2022-06-28%2014%3A03%3A33.924?alt=media&token=60ae700f-6d66-4b5f-9f83-30b670ec74e0","HJ 125","profiles/u8TkC8rrW0hhlfumKcbFUfuj35G3-R","M-22-AP 3041","N/A"
"BLACK","2022-09-02 09:29:01","u9437tUiaaSjsHCIQEcwfqKpdMk1-R","https://firebasestorage.googleapis.com/v0/b/flip-delivery.appspot.com/o/images%2F2022-09-02%2009%3A28%3A53.288?alt=media&token=da4ddb8a-82f2-4dbb-b7ed-ff8a663a95f3","ROYAL","profiles/u9437tUiaaSjsHCIQEcwfqKpdMk1-R","M-22-GG 646","N/A"
"RED","2022-07-06 13:56:39","vzb4aiQ5JkO42aOBocCwLUhwB4i1-R","https://firebasestorage.googleapis.com/v0/b/flip-delivery.appspot.com/o/images%2F2022-07-06%2013%3A56%3A30.381?alt=media&token=567b5084-6dcc-4dc2-82cc-f7accd2dac00","ROYAL","profiles/vzb4aiQ5JkO42aOBocCwLUhwB4i1-R","M-22-AS-2399","N/A"
"RED","2022-07-04 13:57:15","xhAZKGxT1weOahkVt2eiFRBINVJ3-R","https://firebasestorage.googleapis.com/v0/b/flip-delivery.appspot.com/o/images%2F2022-07-04%2013%3A57%3A10.271?alt=media&token=94d515ad-6ef2-4cc0-ac65-fe6124fdcccd","ROYAL","profiles/xhAZKGxT1weOahkVt2eiFRBINVJ3-R","M-22-AS 9381","N/A"
"RED","2022-12-06 09:09:50","zhzdkv98O3bUyPpZhxKXYIrEYIv2-R","https://firebasestorage.googleapis.com/v0/b/flip-delivery.appspot.com/o/images%2F2022-12-06%2009%3A09%3A47.229?alt=media&token=382a1769-dcb0-4abd-b802-893d814e62d1","YAMAH","profiles/zhzdkv98O3bUyPpZhxKXYIrEYIv2-R","M-13-GT 1799","N/A"
"BLUE-BLACK","2022-08-09 17:53:28","zwdWMkRRTCgpBnWVWD5nCiyV46X2-R","https://firebasestorage.googleapis.com/v0/b/flip-delivery.appspot.com/o/images%2F2022-08-09%2017%3A53%3A23.640?alt=media&token=5f5523f0-bdf6-4931-b536-9ec2ec19a1b5","HAOJUE 125","profiles/zwdWMkRRTCgpBnWVWD5nCiyV46X2-R","M- 20-GR-8363","N/A"